day,TV LG 60UK6200PLA (Caja Abierta - LED - 60'' - 152 cm - 4K Ultra HD - Smart TV),TV LG 60UK6200PLA (LED - 60'' - 152 cm - 4K Ultra HD - Smart TV),TV LG 60UM7100PLB (LED - 60'' - 152 cm -  4K Ultra HD - Smart TV),TV LG 60UN71006 (LED - 60'' - 152 cm - 4K Ultra HD - Smart TV),TV LG 65UK6400 (LED - 65'' - 165 cm - 4K Ultra HD - Smart TV),TV LG 65UM7050P (LED - 65'' - 165 cm - 4K Ultra HD - Smart TV),TV LG 65UM7510PLA (LED - 65'' - 165 cm - 4K Ultra HD - Smart TV),TV LG 65UN73006 (LED - 65'' - 165 cm - 4K Ultra HD - Smart TV),TV LG 65UN80006 (LED - 65'' - 165 cm - 4K Ultra HD - Smart TV),TV LG 65UN81006 (LED - 65'' - 165 cm - 4K Ultra HD - Smart TV),TV LG 65UN85006 (LED - 65'' - 165 cm - 4K Ultra HD - Smart TV),TV  LG 65UM7610 (LED - 65'' - 165 cm - 4K Ultra HD - Smart TV)
1,639.97,669.94,1442.93,599.99,1052.55,645.9,599.97,797.9,699.99,743.99,806.99,797.9
2,639.97,669.94,1442.93,599.99,1052.55,645.9,599.97,797.9,699.99,743.99,839.99,797.9
3,639.97,669.94,1442.93,552.0,1052.55,645.9,899.99,797.9,699.99,669.99,799.99,797.9
4,639.97,669.94,1442.93,552.0,1052.55,645.9,899.99,797.9,699.99,669.99,799.99,797.9
5,639.97,669.94,1442.93,552.0,1052.55,645.9,899.99,788.9,699.99,955.9,799.99,797.9
6,639.97,669.94,1442.93,552.0,1052.55,645.9,737.99,788.9,699.99,955.9,799.99,797.9
7,639.97,669.94,1442.93,552.0,1052.55,645.9,737.99,785.9,699.99,955.9,799.99,797.9
8,639.97,669.94,1442.93,552.0,1052.55,645.9,737.99,785.9,699.99,955.9,799.99,797.9
9,639.97,669.94,1442.93,552.0,1052.55,645.9,899.99,785.9,699.99,955.9,799.99,797.9
10,639.97,669.94,1442.93,549.99,1052.55,645.9,737.99,699.99,699.0,649.99,806.99,797.9
11,639.97,669.94,1442.93,549.99,1052.55,645.9,737.99,699.99,699.0,649.99,806.99,797.9
12,639.97,669.94,1442.93,549.99,1052.55,645.9,737.99,699.99,699.0,649.99,819.99,797.9
13,639.97,669.94,1442.93,569.99,1052.55,645.9,737.99,689.99,699.99,779.99,849.99,797.9
14,639.97,669.94,1442.93,569.99,1052.55,645.9,737.99,679.99,699.99,659.99,849.99,797.9
15,639.97,669.94,1442.93,569.99,1052.55,645.9,737.99,679.99,699.99,659.99,849.99,797.9
16,639.97,669.94,1442.93,569.99,1052.55,645.9,737.99,679.99,699.99,659.99,849.99,797.9
17,639.97,669.94,1442.93,569.99,1052.55,645.9,737.99,679.99,699.99,955.9,849.99,797.9
18,639.97,669.94,1442.93,569.99,1052.55,645.9,737.99,679.99,699.99,955.9,849.99,797.9
19,639.97,669.94,1442.93,569.99,1052.55,645.9,737.99,787.32,699.99,955.9,849.99,797.9
20,639.97,669.94,1442.93,599.99,1052.55,645.9,737.99,785.9,779.99,810.99,879.99,797.9
